title,link,pubDate
金川紗耶　ありがとうでたくさん☺️,https://www.nogizaka46.com/s/n46/diary/detail/103991?ima=5803&cd=MEMBER,2025.11.01 18:16
IMAREAL 金川紗耶,https://www.nogizaka46.com/s/n46/diary/detail/103703?ima=5803&cd=MEMBER,2025.07.28 15:02
⚠️皆さんにお願いがあります！！！⚠️ 金川紗耶,https://www.nogizaka46.com/s/n46/diary/detail/103674?ima=5803&cd=MEMBER,2025.07.17 14:47
のぎおびありがとうございました😊　金川紗耶,https://www.nogizaka46.com/s/n46/diary/detail/103535?ima=5803&cd=MEMBER,2025.06.16 21:37
見つめて　金川紗耶,https://www.nogizaka46.com/s/n46/diary/detail/103500?ima=5803&cd=MEMBER,2025.06.07 14:40
13周年バースデーライブありがとうございました！！　金川紗耶,https://www.nogizaka46.com/s/n46/diary/detail/103458?ima=5803&cd=MEMBER,2025.05.21 20:29
至近距離になっちゃう　金川紗耶,https://www.nogizaka46.com/s/n46/diary/detail/103317?ima=5803&cd=MEMBER,2025.04.01 17:56
カメラに夢中📷　金川紗耶,https://www.nogizaka46.com/s/n46/diary/detail/103047?ima=5803&cd=MEMBER,2025.01.21 16:22
新年1発目！！　金川紗耶,https://www.nogizaka46.com/s/n46/diary/detail/103025?ima=5803&cd=MEMBER,2025.01.06 12:19
4期生6周年おめでとう！！,https://www.nogizaka46.com/s/n46/diary/detail/102927?ima=5803&cd=MEMBER,2024.12.03 10:36
大好きな先輩　金川紗耶,https://www.nogizaka46.com/s/n46/diary/detail/104131?ima=4113&cd=MEMBER,2025.11.29 16:22
