title,link,pubDate
またね、ハロウィン。,https://www.hinatazaka46.com/s/official/diary/detail/66424?ima=0000&cd=member,2025.10.31 20:04
オオカネムラ？オオカミク？,https://www.hinatazaka46.com/s/official/diary/detail/66325?ima=0000&cd=member,2025.10.24 22:16
小さな変化、大きな決断。,https://www.hinatazaka46.com/s/official/diary/detail/66007?ima=0000&cd=member,2025.10.6 20:10
いらっしゃいませ！ご注文はおすしですか？,https://www.hinatazaka46.com/s/official/diary/detail/65818?ima=0000&cd=member,2025.9.23 14:25
まぁ…お祝いしてくれてもいいんだよ？,https://www.hinatazaka46.com/s/official/diary/detail/65661?ima=0000&cd=member,2025.9.9 23:28
すずちゃん！,https://www.hinatazaka46.com/s/official/diary/detail/65582?ima=0000&cd=member,2025.8.31 21:03
#日向坂46_お願いバッハ ぜひ拡散お願いします！,https://www.hinatazaka46.com/s/official/diary/detail/65532?ima=0000&cd=member,2025.8.27 22:04
15thシングル,https://www.hinatazaka46.com/s/official/diary/detail/61433?ima=0000&cd=member,2025.8.11 09:00
今回も書いてみたよ〜,https://www.hinatazaka46.com/s/official/diary/detail/61379?ima=0000&cd=member,2025.8.6 20:47
リアルミーグリ日記　2025夏,https://www.hinatazaka46.com/s/official/diary/detail/61280?ima=0000&cd=member,2025.7.30 22:34
今日はかき氷の日。,https://www.hinatazaka46.com/s/official/diary/detail/61237?ima=0000&cd=member,2025.7.25 21:41
私と一緒ならどこに行きたい？,https://www.hinatazaka46.com/s/official/diary/detail/61134?ima=0000&cd=member,2025.7.17 19:11
一周回って春（？）,https://www.hinatazaka46.com/s/official/diary/detail/61053?ima=0000&cd=member,2025.7.7 21:06
夏のせい？だよね。,https://www.hinatazaka46.com/s/official/diary/detail/61023?ima=0000&cd=member,2025.7.4 20:37
今日22:00からは！,https://www.hinatazaka46.com/s/official/diary/detail/60932?ima=0000&cd=member,2025.6.29 13:56
たいとるほるだー,https://www.hinatazaka46.com/s/official/diary/detail/60471?ima=0000&cd=member,2025.6.7 21:21
君の輝く一等星になりたい,https://www.hinatazaka46.com/s/official/diary/detail/60369?ima=0000&cd=member,2025.6.4 21:07
#みくふぉと_Loveyourself!,https://www.hinatazaka46.com/s/official/diary/detail/60108?ima=0000&cd=member,2025.5.18 17:33
#みくふぉと　〜まなさん卒セレ〜,https://www.hinatazaka46.com/s/official/diary/detail/59955?ima=0000&cd=member,2025.5.7 21:08
食べ応え、読み応え。,https://www.hinatazaka46.com/s/official/diary/detail/59871?ima=0000&cd=member,2025.4.28 21:54
